"Mission_ID","Program_Name","Mission_Name","Launch_Year","Mission_Type","Status","Primary_Objective","Operational_Guide_Summary"
"NASA-M001","Project Mercury","Mercury-Redstone 3 (Freedom 7)","1961","Human Spaceflight / Suborbital","Completed","First U.S. crewed suborbital spaceflight flown by Alan Shepard.","Manual Protocol: Redstone rocket launch; suborbital trajectory reaching 116 miles altitude; manual hand-attitude control testing in microgravity; splashdown recovery."
"NASA-M002","Project Mercury","Mercury-Redstone 4 (Liberty Bell 7)","1961","Human Spaceflight / Suborbital","Completed","Second U.S. suborbital mission flown by Virgil 'Gus' Grissom.","Manual Protocol: Suborbital flight path; manual attitude control maneuvers; evaluation of spacecraft cabin environmental control; explosive hatch deployment post-landing."
"NASA-M003","Project Mercury","Mercury-Atlas 6 (Friendship 7)","1962","Human Spaceflight / Low Earth Orbit","Completed","First U.S. crewed orbital flight flown by John Glenn.","Manual Protocol: Atlas launch vehicle insertion; 3 full Earth orbits; manual fly-by-wire attitude override following autopilot malfunction; retro-rocket burn and reentry thermal shield protection."
"NASA-M004","Project Mercury","Mercury-Atlas 7 (Aurora 7)","1962","Human Spaceflight / Low Earth Orbit","Completed","5-hour orbital science mission flown by Scott Carpenter.","Manual Protocol: Horizon tracking and celestial observation experiments; fuel management for attitude control thrusters; retrofire execution."
"NASA-M005","Project Mercury","Mercury-Atlas 8 (Sigma 7)","1962","Human Spaceflight / Low Earth Orbit","Completed","6-orbit engineering evaluation flown by Walter Schirra.","Manual Protocol: Strict reaction control system fuel conservation; suit cooling loop assessment; orbital trajectory navigation."
"NASA-M006","Project Mercury","Mercury-Atlas 9 (Faith 7)","1963","Human Spaceflight / Low Earth Orbit","Completed","Final Mercury mission, 22 orbits over 34 hours flown by Gordon Cooper.","Manual Protocol: Extended day-long spaceflight endurance protocols; manual reentry alignment after electrical power failure."
"NASA-M007","Project Gemini","Gemini 1 & 2","1964-1965","Human Spaceflight / Test Flights","Completed","Uncrewed orbital and suborbital spacecraft and Titan II launch vehicle tests.","Manual Protocol: Structural integrity verification, automated launch guidance, heat shield reentry performance."
"NASA-M008","Project Gemini","Gemini 3","1965","Human Spaceflight / Low Earth Orbit","Completed","First crewed Gemini flight with Gus Grissom and John Young.","Manual Protocol: First orbital plane change maneuvers using Orbit Attitude and Maneuvering System (OAMS); manual spacecraft translation."
"NASA-M009","Project Gemini","Gemini 4","1965","Human Spaceflight / Low Earth Orbit","Completed","First American spacewalk (EVA) performed by Ed White with James McDivitt.","Manual Protocol: 22-minute EVA tethered protocol using Hand-Held Maneuvering Unit (HHMU); 4-day flight endurance tracking."
"NASA-M010","Project Gemini","Gemini 5","1965","Human Spaceflight / Low Earth Orbit","Completed","8-day long-duration flight evaluating fuel cell technology.","Manual Protocol: Fuel cell power generation monitoring; radar evaluation pods rendezvous maneuvers; long-term crew physiology tracking."
"NASA-M011","Project Gemini","Gemini 7","1965","Human Spaceflight / Low Earth Orbit","Completed","14-day long-duration endurance mission and rendezvous target.","Manual Protocol: Extended microgravity habitation; shirt-sleeve environment testing; passive target station keeping."
"NASA-M012","Project Gemini","Gemini 6A","1965","Human Spaceflight / Low Earth Orbit","Completed","First space rendezvous with Gemini 7 flown by Schirra and Stafford.","Manual Protocol: Active station-keeping within 1 foot of target; radar navigation and orbital phasing thrust burns."
"NASA-M013","Project Gemini","Gemini 8","1966","Human Spaceflight / Low Earth Orbit","Completed","First docking in space with Agena Target Vehicle (Armstrong and Scott).","Manual Protocol: Precision orbital docking; immediate emergency undocking and Reentry Control System (RCS) thruster abort following stuck thruster spin."
"NASA-M014","Project Gemini","Gemini 9A","1966","Human Spaceflight / Low Earth Orbit","Completed","Rendezvous and complex EVA maneuvers with Augmented Target Docking Adapter.","Manual Protocol: Work-load evaluation during EVA; visual rendezvous techniques; Astronaut Maneuvering Unit (AMU) flight testing."
"NASA-M015","Project Gemini","Gemini 10","1966","Human Spaceflight / Low Earth Orbit","Completed","Dual rendezvous with two separate Agena vehicles.","Manual Protocol: Agena secondary propulsion engine burns for orbital altitude boosting; retrieval of micrometeorite collector from passive target."
"NASA-M016","Project Gemini","Gemini 11","1966","Human Spaceflight / Low Earth Orbit","Completed","First-orbit direct ascent rendezvous and tethered artificial gravity test.","Manual Protocol: High-apogee orbit burn (1,374 km); tethered station-keeping rotation generating artificial gravity."
"NASA-M017","Project Gemini","Gemini 12","1966","Human Spaceflight / Low Earth Orbit","Completed","Final Gemini mission mastering underwater-trained EVA procedures (Aldrin and Lovell).","Manual Protocol: Body-restraint foot restraints and handholds during 5.5 hours of successful EVA; total solar eclipse photography."
"NASA-M018","Apollo Program","Apollo 1","1967","Human Spaceflight / Launch Pad Test","Tragic Failure","Pre-flight test crewed by Grissom, White, and Chaffee.","Manual Protocol: High-pressure 100% oxygen cabin atmosphere; electrical arcing triggered cabin fire leading to redesign of Apollo hatch and materials."
"NASA-M019","Apollo Program","Apollo 4, 5, 6","1967-1968","Human Spaceflight / Uncrewed Tests","Completed","Uncrewed qualification of Saturn V rocket and Lunar Module.","Manual Protocol: Saturn V S-IC, S-II, S-IVB staging; heat shield reentry qualification at lunar return velocities."
"NASA-M020","Apollo Program","Apollo 7","1968","Human Spaceflight / Low Earth Orbit","Completed","First crewed Apollo orbital test flight in Command and Service Module (CSM).","Manual Protocol: Service Propulsion System (SPS) engine burn firings; live TV broadcasts; rendezvous with Saturn S-IVB stage."
"NASA-M021","Apollo Program","Apollo 8","1968","Human Spaceflight / Lunar Orbit","Completed","First human flight to and orbit around the Moon (Borman, Lovell, Anders).","Manual Protocol: Trans-Lunar Injection (TLI) burn; 10 lunar orbits; Lunar Orbit Insertion (LOI) and Trans-Earth Injection (TEI) engine maneuvers."
"NASA-M022","Apollo Program","Apollo 9","1969","Human Spaceflight / Low Earth Orbit","Completed","First crewed flight testing of complete Apollo spacecraft including Lunar Module.","Manual Protocol: Active LM extraction, docking, descent/ascent engine firings, and crew transfer via docking tunnel in Earth orbit."
"NASA-M023","Apollo Program","Apollo 10","1969","Human Spaceflight / Lunar Orbit","Completed","Full dress rehearsal for lunar landing in lunar orbit.","Manual Protocol: LM separation and descent to within 8.4 nautical miles of lunar surface; ascent stage staging and rendezvous with CSM."
"NASA-M024","Apollo Program","Apollo 11","1969","Human Spaceflight / Lunar Landing","Completed","First crewed lunar landing (Armstrong, Aldrin, Collins) at Sea of Tranquility.","Manual Protocol: Semi-manual lunar descent override avoiding boulders; surface EVA (2 hrs 31 min); solar wind & moon rock collection; LM ascent and lunar orbit rendezvous."
"NASA-M025","Apollo Program","Apollo 12","1969","Human Spaceflight / Lunar Landing","Completed","Precision lunar landing at Ocean of Storms near Surveyor 3.","Manual Protocol: Pinpoint landing radar navigation; retrieval of Surveyor 3 components; deployment of Apollo Lunar Surface Experiments Package (ALSEP)."
"NASA-M026","Apollo Program","Apollo 13","1970","Human Spaceflight / Lunar Flyby Abort","Completed (Abort)","Successful crew rescue following SM oxygen tank explosion (Lovell, Swigert, Haise).","Manual Protocol: LM 'Aquarius' utilized as lifeboat; manual alignment burns using Sun/Earth terminator sight lines; free-return trajectory around Moon."
"NASA-M027","Apollo Program","Apollo 14","1971","Human Spaceflight / Lunar Landing","Completed","Lunar landing at Fra Mauro formation (Shepard, Mitchell, Roosa).","Manual Protocol: Modular Equipment Transporter (MET) handcart deployment; active seismic experiments; surface geology sampling."
"NASA-M028","Apollo Program","Apollo 15","1971","Human Spaceflight / Lunar Landing","Completed","First J-series extended scientific mission at Hadley-Apennine.","Manual Protocol: Lunar Roving Vehicle (LRV) operations; subsatellite deployment in lunar orbit; deep-core drilling."
"NASA-M029","Apollo Program","Apollo 16","1972","Human Spaceflight / Lunar Landing","Completed","Lunar highlands exploration at Descartes crater.","Manual Protocol: LRV traverse across rugged terrain; UV camera/spectrograph astronomy; 95 kg regolith sample collection."
"NASA-M030","Apollo Program","Apollo 17","1972","Human Spaceflight / Lunar Landing","Completed","Final Apollo crewed lunar landing at Taurus-Littrow with scientist-astronaut Harrison Schmitt.","Manual Protocol: 22-hour total EVA duration; LRV fender field repair; discovery of orange volcanic glass soil."
"NASA-M031","Skylab Program","Skylab 1, 2, 3, 4","1973-1974","Human Spaceflight / Space Station","Completed","America's first space station accommodating three long-duration crews.","Manual Protocol: EVA thermal parasol deployment and solar array un-jamming repairs; solar astrophysics via Apollo Telescope Mount; 84-day record flight."
"NASA-M032","Apollo-Soyuz","Apollo-Soyuz Test Project","1975","Human Spaceflight / Joint International","Completed","First international crewed spaceflight docking between US Apollo and Soviet Soyuz.","Manual Protocol: Universal Docking Module operations; dual-language joint science experiments; crew exchange and orbital handshake."
"NASA-M033","Space Shuttle Program","STS-1 (Columbia)","1981","Human Spaceflight / Reusable Shuttle","Completed","First flight of the Space Shuttle system piloted by Young and Crippen.","Manual Protocol: Solid Rocket Booster (SRB) separation; thermal protection tile inspection; unpowered unpowered glide approach and lakebed landing at Edwards AFB."
"NASA-M034","Space Shuttle Program","STS-6 (Challenger)","1983","Human Spaceflight / Low Earth Orbit","Completed","Maiden flight of Challenger and first Shuttle Extravehicular Activity (EVA).","Manual Protocol: Deployment of Tracking and Data Relay Satellite (TDRS-1); Extravehicular Mobility Unit (EMU) suit qualification spacewalk."
"NASA-M035","Space Shuttle Program","STS-7 (Challenger)","1983","Human Spaceflight / Low Earth Orbit","Completed","First spaceflight of an American woman (Sally Ride).","Manual Protocol: Shuttle Remote Manipulator System (RMS) robot arm operations; deployment and retrieval of SPAS-01 satellite."
"NASA-M036","Space Shuttle Program","STS-41C (Challenger)","1984","Human Spaceflight / Satellite Repair","Completed","First in-orbit repair of a satellite (Solar Maximum Mission).","Manual Protocol: Manned Maneuvering Unit (MMU) jetpack untethered spacewalk capture; payload bay servicing and redeployment."
"NASA-M037","Space Shuttle Program","STS-51L (Challenger)","1986","Human Spaceflight / Low Earth Orbit","Tragic Failure","Tragic loss of Challenger crew 73 seconds post-launch due to SRB O-ring seal failure.","Manual Protocol: Launch destruction investigation leading to complete SRB joint redesign and two-year flight grounding."
"NASA-M038","Space Shuttle Program","STS-26 (Discovery)","1988","Human Spaceflight / Return to Flight","Completed","Post-Challenger return-to-flight safety validation mission.","Manual Protocol: Launch escape pressure suit qualification; TDRS deployment; advanced flight control system testing."
"NASA-M039","Space Shuttle Program","STS-31 (Discovery)","1990","Human Spaceflight / Space Observatory","Completed","Deployment of the Hubble Space Telescope.","Manual Protocol: RMS robot arm high-altitude release (612 km); solar array deployment monitoring; secondary payload operations."
"NASA-M040","Space Shuttle Program","STS-71 (Atlantis)","1995","Human Spaceflight / Joint Shuttle-Mir","Completed","First docking of Space Shuttle with Russian Space Station Mir.","Manual Protocol: Precision orbital proximity operations and soft docking with Kristall module; Mir crew rotation exchange."
"NASA-M041","Space Shuttle Program","STS-88 (Endeavour)","1998","Human Spaceflight / ISS Assembly","Completed","First International Space Station assembly flight.","Manual Protocol: Mating of Unity node with Russian Zarya module using RMS arm; 3 assembly EVAs connecting external cables and antennas."
"NASA-M042","Space Shuttle Program","STS-107 (Columbia)","2003","Human Spaceflight / Microgravity Research","Tragic Failure","Tragic loss of Columbia during reentry due to left-wing foam strike damage.","Manual Protocol: 16-day microgravity science mission; foam impact investigation leading to mandatory boom sensor inspections on future flights."
"NASA-M043","Space Shuttle Program","STS-125 (Atlantis)","2009","Human Spaceflight / Observatory Servicing","Completed","Final servicing mission to the Hubble Space Telescope.","Manual Protocol: 5 complex EVAs installing Wide Field Camera 3, Cosmic Origins Spectrograph, and replacing gyroscopes/batteries."
"NASA-M044","Space Shuttle Program","STS-135 (Atlantis)","2011","Human Spaceflight / Program Finale","Completed","135th and final flight of the Space Shuttle Program.","Manual Protocol: Delivery of Multi-Purpose Logistics Module (MPLM) Raffaello to ISS; final shuttle landing and transition to commercial crew."
"NASA-M045","ISS Expeditions","International Space Station (Expedition 1 - Present)","2000-Present","Human Spaceflight / Space Station","Active","Continuous human research laboratory orbiting Earth since November 2000.","Manual Protocol: Microgravity biological/physical experiments; station attitude control; spacewalk maintenance; commercial/international crew rotation."
"NASA-M046","Commercial Crew","SpaceX Demo-2 & Crew-1 to Crew-13","2020-Present","Human Spaceflight / Commercial Transportation","Active","US commercial crew launches transporting astronauts to ISS aboard Dragon.","Manual Protocol: Autonomous Falcon 9 launch and Dragon docking; manual touch-screen control backup; soft-water splashdown recovery."
"NASA-M047","Artemis Program","Artemis I","2022","Deep Space / Uncrewed Test","Completed","Uncrewed test flight of Space Launch System (SLS) and Orion spacecraft around the Moon.","Manual Protocol: SLS Block 1 core stage firing; Trans-Lunar Injection; distant retrograde lunar orbit entry (DRO); high-speed skip reentry heat shield test."
"NASA-M048","Artemis Program","Artemis II","2026","Human Spaceflight / Lunar Flyby","Planned","First crewed Artemis flight carrying 4 astronauts on a lunar free-return trajectory.","Manual Protocol: Proximity operations demonstration in LEO; lunar flyby trajectory alignment; deep-space life support and communication verification."
"NASA-M049","Artemis Program","Artemis III","2027","Human Spaceflight / Lunar Landing","Planned","First crewed lunar south pole landing under Artemis.","Manual Protocol: Orion docking with Human Landing System (HLS) in lunar orbit; descent to lunar South Pole; surface EVAs collecting polar water ice."
"NASA-M050","Robotic Lunar","Ranger & Surveyor Programs","1961-1968","Robotic / Lunar Probes","Completed","Pioneering impactor and soft-lander lunar surface exploration.","Manual Protocol: High-speed crash imaging (Ranger); touchdown shock absorber telemetry and surface soil mechanics (Surveyor)."
"NASA-M051","Robotic Lunar","Lunar Reconnaissance Orbiter (LRO)","2009-Present","Robotic / Lunar Orbiter","Active","High-resolution mapping and resource identification of the Moon.","Manual Protocol: Polar mapping orbit; narrow-angle camera imaging for 50cm surface resolution; laser altimetry for polar crater shade mapping."
"NASA-M052","Robotic Mars","Mariner 4, 9","1964-1971","Robotic / Mars Flyby & Orbiter","Completed","First successful Mars flyby (Mariner 4) and first spacecraft to orbit another planet (Mariner 9).","Manual Protocol: TV camera digital tape recorder telemetry; orbital insertion burn firing; mapping major dust storms, volcanoes, and canyons."
"NASA-M053","Robotic Mars","Viking 1 & Viking 2","1975-1976","Robotic / Mars Orbiter & Lander","Completed","First successful soft landings and life-detection biology experiments on Mars.","Manual Protocol: Aeroshell heat shield reentry, parachute deployment, terminal retro-rocket firing; automated soil arm scoop sampling."
"NASA-M054","Robotic Mars","Mars Pathfinder & Sojourner Rover","1996","Robotic / Mars Lander & Rover","Completed","First robotic Mars rover pathfinder testing airbag landing system.","Manual Protocol: Direct atmospheric entry with deceleration airbags; ramp deployment; autonomous hazard avoidance rove navigation."
"NASA-M055","Robotic Mars","Mars Exploration Rovers (Spirit & Opportunity)","2003","Robotic / Mars Rovers","Completed","Geological exploration proving ancient surface liquid water on Mars.","Manual Protocol: Airbag bouncing touchdown; solar array cleaning by dust devils; rock abrasion tool (RAT) grinding and Moessbauer spectrometer analysis."
"NASA-M056","Robotic Mars","Mars Science Laboratory (Curiosity Rover)","2011-Present","Robotic / Mars Rover","Active","Exploring Gale Crater to assess past habitability.","Manual Protocol: Sky Crane powered descent landing system; SAM mass spectrometer sample analysis; nuclear RTG power management."
"NASA-M057","Robotic Mars","Mars 2020 (Perseverance & Ingenuity)","2020-Present","Robotic / Mars Rover & Helicopter","Active","Searching for signs of ancient biosignatures and first powered flight on another planet.","Manual Protocol: Terrain-Relative Navigation landing; sample caching tube drill sealing; Ingenuity rotorcraft autonomous flight control."
"NASA-M058","Robotic Venus","Pioneer Venus & Magellan","1978-1989","Robotic / Venus Probes","Completed","Atmospheric probes and synthetic aperture radar mapping of Venus.","Manual Protocol: High-temperature atmospheric probe drops; radar altimetry through dense cloud deck; aerobraking orbit shaping."
"NASA-M059","Robotic Mercury","MESSENGER","2004-2015","Robotic / Mercury Orbiter","Completed","First spacecraft to orbit Mercury.","Manual Protocol: Complex gravity assists (1 Earth, 2 Venus, 3 Mercury); sunshade thermal management; orbital insertion burn."
"NASA-M060","Outer Planets","Pioneer 10 & 11","1972-1973","Robotic / Planetary Flybys","Completed","First flybys of Jupiter and Saturn and first probes to achieve solar escape velocity.","Manual Protocol: Asteroid belt traversal; intense Jovian radiation belt measurement; spin-stabilized navigation."
"NASA-M061","Outer Planets","Voyager 1 & Voyager 2","1977-Present","Robotic / Interstellar Probes","Active","Grand Tour of Jupiter, Saturn, Uranus, Neptune, and exploration of interstellar space.","Manual Protocol: Multi-planet planetary gravity assist maneuvers; Golden Record playback payload; interstellar plasma density measurement."
"NASA-M062","Outer Planets","Galileo","1989-2003","Robotic / Jupiter Orbiter & Probe","Completed","Detailed study of Jupiter and discovery of subsurface ocean on Europa.","Manual Protocol: Descent probe release into Jovian atmosphere (160 km drop); high-gain antenna failure workaround via tape recorder; intentional impact into Jupiter."
"NASA-M063","Outer Planets","Cassini-Huygens","1997-2017","Robotic / Saturn Orbiter & Titan Probe","Completed","13-year exploration of Saturn, its rings, and landing Huygens on Titan.","Manual Protocol: Huygens probe atmospheric entry and landing on Titan; icy plume flybys of Enceladus; 'Grand Finale' diving orbits between Saturn and rings."
"NASA-M064","Outer Planets","New Horizons","2006-Present","Robotic / Pluto & Kuiper Belt","Active","First flyby of Pluto and Kuiper Belt object Arrokoth.","Manual Protocol: Hibernation flight mode; high-speed Pluto flyby (13,700 km); optical navigation to target Kuiper Belt objects."
"NASA-M065","Outer Planets","Juno & Europa Clipper","2011-2024+","Robotic / Jovian System","Active","Probing Jupiter's interior (Juno) and assessing habitability of moon Europa (Europa Clipper).","Manual Protocol: Highly elliptical polar orbits minimizing radiation exposure; titanium radiation vault shielding; ice-penetrating radar scans."
"NASA-M066","Asteroid Exploration","NEAR Shoemaker, Stardust, Deep Impact","1996-2005","Robotic / Sample Return & Impact","Completed","Asteroid 433 Eros landing, comet Wild 2 dust sample return, and comet Tempel 1 impact.","Manual Protocol: Precision asteroid orbit/landing; aerogel collection grid deployment; hypervelocity copper projectile impact navigation."
"NASA-M067","Asteroid Exploration","Dawn","2007-2018","Robotic / Dwarf Planet Orbiter","Completed","First spacecraft to orbit two extraterrestrial destinations (Vesta and Ceres).","Manual Protocol: Xenon ion propulsion cruise; low-altitude mapping orbit transfers; surface mineralogy classification."
"NASA-M068","Asteroid Exploration","OSIRIS-REx / OSIRIS-APEX","2016-Present","Robotic / Asteroid Sample Return","Active","Asteroid Bennu sample collection and return to Earth in 2023.","Manual Protocol: Touch-And-Go (TAG) nitrogen gas sample collection arm actuation; sample return capsule Earth reentry landing; extended mission to Apophis."
"NASA-M069","Asteroid Exploration","DART (Double Asteroid Redirection Test)","2021-2022","Robotic / Planetary Defense","Completed","First planetary defense kinetic impactor demonstration on asteroid Dimorphos.","Manual Protocol: Autonomous Real-time Navigation (SMART Nav) impact guidance; hypervelocity collision at 6.6 km/s; orbital period change verification."
"NASA-M070","Heliophysics","SOHO, SDO, Parker Solar Probe","1995-Present","Robotic / Solar Observatories","Active","Continuous monitoring of solar flares, magnetic field, and flying into the Sun's corona.","Manual Protocol: Carbon-composite heat shield thermal protection at 1,400°C; extreme ultraviolet solar imaging; coronal mass ejection warning systems."
"NASA-M071","Great Observatories","Hubble Space Telescope","1990-Present","Robotic / Space Observatory","Active","Revolutionary optical and UV astronomy observing deep universe.","Manual Protocol: Fine Guidance Sensor pointing control (0.007 arcsec accuracy); low Earth orbit servicing interfaces; deep field multi-exposure exposures."
"NASA-M072","Great Observatories","Chandra & Spitzer Space Telescopes","1999-2020","Robotic / X-ray & Infrared Observatories","Active / Completed","High-energy X-ray and infrared cosmic imaging.","Manual Protocol: Grazing incidence X-ray mirrors; liquid helium cryogenic cooling loop monitoring; exoplanet infrared light curve tracking."
"NASA-M073","Astrophysics","Kepler & TESS Exoplanet Telescopes","2009-Present","Robotic / Exoplanet Hunters","Completed / Active","Discovering thousands of exoplanets using the transit photometry method.","Manual Protocol: Continuous wide-field star brightness monitoring; reaction wheel momentum dumping; sky sector survey stepping."
"NASA-M074","Great Observatories","James Webb Space Telescope (JWST)","2021-Present","Robotic / Infrared Space Observatory","Active","Premier deep-space infrared observatory stationed at Sun-Earth L2.","Manual Protocol: Ariane 5 launch to L2; 5-layer sunshield automated deployment; 18-segment beryllium mirror hexagonal alignment to nanometer accuracy."
"NASA-M075","Earth Science","Landsat Program (Landsat 1 to 9)","1972-Present","Robotic / Earth Remote Sensing","Active","50+ year continuous satellite imagery record of Earth's surface.","Manual Protocol: Sun-synchronous polar orbits; Operational Land Imager (OLI) multispectral band scanning; environmental land cover change tracking."
"NASA-M076","Earth Science","Terra, Aqua, Aura & NISAR","1999-Present","Robotic / Earth Observing System","Active","Comprehensive satellite monitoring of Earth's atmosphere, oceans, ice, and land.","Manual Protocol: MODIS/AIRS Earth remote sensing suite; SAR dual-frequency radar interferometry; climate feedback data telemetry."
